ticker,fold,test_start,test_end,oos_accuracy,oos_precision,oos_recall,n_test
REMX,0,2013-11-30T00:00:00.000,2014-02-28T00:00:00.000,0.6557377049180327,0.6666666666666666,0.25,61
REMX,1,2014-02-28T00:00:00.000,2014-05-28T00:00:00.000,0.3387096774193548,0.10526315789473684,0.07692307692307693,62
REMX,2,2014-05-28T00:00:00.000,2014-08-28T00:00:00.000,0.15151515151515152,0.15384615384615385,0.10526315789473684,66
REMX,3,2014-08-28T00:00:00.000,2014-11-28T00:00:00.000,0.4153846153846154,0.0,0.0,65
REMX,4,2014-11-28T00:00:00.000,2015-02-28T00:00:00.000,0.5161290322580645,0.0,0.0,62
REMX,5,2015-02-28T00:00:00.000,2015-05-28T00:00:00.000,0.8548387096774194,1.0,0.625,62
REMX,6,2015-05-28T00:00:00.000,2015-08-28T00:00:00.000,0.5757575757575758,0.034482758620689655,1.0,66
REMX,7,2015-08-28T00:00:00.000,2015-11-28T00:00:00.000,0.6666666666666666,0.2727272727272727,0.5454545454545454,63
REMX,8,2015-11-28T00:00:00.000,2016-02-28T00:00:00.000,0.5245901639344263,1.0,0.06451612903225806,61
REMX,9,2016-02-28T00:00:00.000,2016-05-28T00:00:00.000,0.421875,0.9333333333333333,0.28,64
REMX,10,2016-05-28T00:00:00.000,2016-08-28T00:00:00.000,0.5238095238095238,0.4,0.2222222222222222,63
REMX,11,2016-08-28T00:00:00.000,2016-11-28T00:00:00.000,0.359375,0.4,0.2777777777777778,64
REMX,12,2016-11-28T00:00:00.000,2017-02-28T00:00:00.000,0.4838709677419355,0.6538461538461539,0.425,62
REMX,13,2017-02-28T00:00:00.000,2017-05-28T00:00:00.000,0.38095238095238093,0.2,0.3888888888888889,63
REMX,14,2017-05-28T00:00:00.000,2017-08-28T00:00:00.000,0.046875,1.0,0.016129032258064516,64
REMX,15,2017-08-28T00:00:00.000,2017-11-28T00:00:00.000,0.36923076923076925,1.0,0.26785714285714285,65
REMX,16,2017-11-28T00:00:00.000,2018-02-28T00:00:00.000,0.5161290322580645,0.5652173913043478,0.3939393939393939,62
REMX,17,2018-02-28T00:00:00.000,2018-05-28T00:00:00.000,0.6666666666666666,0.0,0.0,60
REMX,18,2018-05-28T00:00:00.000,2018-08-28T00:00:00.000,0.9230769230769231,0.0,0.0,65
REMX,19,2018-08-28T00:00:00.000,2018-11-28T00:00:00.000,0.6461538461538462,0.6666666666666666,0.16,65
REMX,20,2018-11-28T00:00:00.000,2019-02-28T00:00:00.000,0.5423728813559322,1.0,0.20588235294117646,59
REMX,21,2019-02-28T00:00:00.000,2019-05-28T00:00:00.000,0.6129032258064516,0.9090909090909091,0.30303030303030304,62
REMX,22,2019-05-28T00:00:00.000,2019-08-28T00:00:00.000,0.6818181818181818,0.0,0.0,66
REMX,23,2019-08-28T00:00:00.000,2019-11-28T00:00:00.000,0.5538461538461539,1.0,0.14705882352941177,65
REMX,24,2019-11-28T00:00:00.000,2020-02-28T00:00:00.000,0.6612903225806451,0.16666666666666666,0.058823529411764705,62
REMX,25,2020-02-28T00:00:00.000,2020-05-28T00:00:00.000,0.4918032786885246,0.9166666666666666,0.43137254901960786,61
REMX,26,2020-05-28T00:00:00.000,2020-08-28T00:00:00.000,0.19696969696969696,0.3333333333333333,0.2926829268292683,66
REMX,27,2020-08-28T00:00:00.000,2020-11-28T00:00:00.000,0.6031746031746031,0.8947368421052632,0.6181818181818182,63
REMX,28,2020-11-28T00:00:00.000,2021-02-28T00:00:00.000,0.26229508196721313,0.4666666666666667,0.32558139534883723,61
REMX,29,2021-02-28T00:00:00.000,2021-05-28T00:00:00.000,0.3387096774193548,0.6666666666666666,0.047619047619047616,62
REMX,30,2021-05-28T00:00:00.000,2021-08-28T00:00:00.000,0.390625,1.0,0.2909090909090909,64
REMX,31,2021-08-28T00:00:00.000,2021-11-28T00:00:00.000,0.7741935483870968,0.7209302325581395,0.9393939393939394,62
REMX,32,2021-11-28T00:00:00.000,2022-02-28T00:00:00.000,0.7213114754098361,0.7307692307692307,0.6551724137931034,61
REMX,33,2022-02-28T00:00:00.000,2022-05-28T00:00:00.000,0.532258064516129,0.5,0.8620689655172413,62
REMX,34,2022-05-28T00:00:00.000,2022-08-28T00:00:00.000,0.5901639344262295,0.75,0.20689655172413793,61
REMX,35,2022-08-28T00:00:00.000,2022-11-28T00:00:00.000,0.5161290322580645,0.42857142857142855,0.6,62
REMX,36,2022-11-28T00:00:00.000,2023-02-28T00:00:00.000,0.6129032258064516,0.25,0.045454545454545456,62
REMX,37,2023-02-28T00:00:00.000,2023-05-28T00:00:00.000,0.36666666666666664,1.0,0.02564102564102564,60
REMX,38,2023-05-28T00:00:00.000,2023-08-28T00:00:00.000,0.6774193548387096,0.14285714285714285,0.06666666666666667,62
REMX,39,2023-08-28T00:00:00.000,2023-11-28T00:00:00.000,0.8125,0.6,0.6,64
REMX,40,2023-11-28T00:00:00.000,2024-02-28T00:00:00.000,0.7419354838709677,0.85,0.5666666666666667,62
REMX,41,2024-02-28T00:00:00.000,2024-05-28T00:00:00.000,0.5409836065573771,0.5172413793103449,0.5172413793103449,61
REMX,42,2024-05-28T00:00:00.000,2024-08-28T00:00:00.000,0.59375,0.10526315789473684,0.18181818181818182,64
LIT,0,2013-09-01T00:00:00.000,2013-12-01T00:00:00.000,0.6031746031746031,0.5365853658536586,0.7857142857142857,63
LIT,1,2013-12-01T00:00:00.000,2014-03-01T00:00:00.000,0.47540983606557374,0.75,0.16666666666666666,61
LIT,2,2014-03-01T00:00:00.000,2014-06-01T00:00:00.000,0.19047619047619047,0.11764705882352941,0.16,63
LIT,3,2014-06-01T00:00:00.000,2014-09-01T00:00:00.000,0.609375,1.0,0.1935483870967742,64
LIT,4,2014-09-01T00:00:00.000,2014-12-01T00:00:00.000,0.390625,0.2641509433962264,1.0,64
LIT,5,2014-12-01T00:00:00.000,2015-03-01T00:00:00.000,0.45901639344262296,1.0,0.029411764705882353,61
LIT,6,2015-03-01T00:00:00.000,2015-06-01T00:00:00.000,0.828125,1.0,0.6944444444444444,64
LIT,7,2015-06-01T00:00:00.000,2015-09-01T00:00:00.000,0.36923076923076925,0.08888888888888889,1.0,65
LIT,8,2015-09-01T00:00:00.000,2015-12-01T00:00:00.000,0.3125,0.1875,0.08823529411764706,64
LIT,9,2015-12-01T00:00:00.000,2016-03-01T00:00:00.000,0.8064516129032258,0.7567567567567568,0.9032258064516129,62
LIT,10,2016-03-01T00:00:00.000,2016-06-01T00:00:00.000,0.7538461538461538,0.9245283018867925,0.8032786885245902,65
LIT,11,2016-06-01T00:00:00.000,2016-09-01T00:00:00.000,0.3333333333333333,0.2972972972972973,0.3793103448275862,66
LIT,12,2016-09-01T00:00:00.000,2016-12-01T00:00:00.000,0.34375,0.34375,0.34375,64
LIT,13,2016-12-01T00:00:00.000,2017-03-01T00:00:00.000,0.7333333333333333,0.9090909090909091,0.6976744186046512,60
LIT,14,2017-03-01T00:00:00.000,2017-06-01T00:00:00.000,0.4461538461538462,0.7142857142857143,0.49019607843137253,65
LIT,15,2017-06-01T00:00:00.000,2017-09-01T00:00:00.000,0.7575757575757576,0.9215686274509803,0.7966101694915254,66
LIT,16,2017-09-01T00:00:00.000,2017-12-01T00:00:00.000,0.671875,0.7391304347826086,0.7906976744186046,64
LIT,17,2017-12-01T00:00:00.000,2018-03-01T00:00:00.000,0.3333333333333333,0.3103448275862069,1.0,60
LIT,18,2018-03-01T00:00:00.000,2018-06-01T00:00:00.000,0.6507936507936508,0.7,0.4666666666666667,63
LIT,19,2018-06-01T00:00:00.000,2018-09-01T00:00:00.000,0.6461538461538462,0.4583333333333333,0.5238095238095238,65
LIT,20,2018-09-01T00:00:00.000,2018-12-01T00:00:00.000,0.8888888888888888,0.8076923076923077,0.9130434782608695,63
LIT,21,2018-12-01T00:00:00.000,2019-03-01T00:00:00.000,0.5964912280701754,1.0,0.3235294117647059,57
LIT,22,2019-03-01T00:00:00.000,2019-06-01T00:00:00.000,0.625,0.5454545454545454,0.24,64
LIT,23,2019-06-01T00:00:00.000,2019-09-01T00:00:00.000,0.546875,0.6666666666666666,0.12903225806451613,64
LIT,24,2019-09-01T00:00:00.000,2019-12-01T00:00:00.000,0.4126984126984127,0.575,0.5348837209302325,63
LIT,25,2019-12-01T00:00:00.000,2020-03-01T00:00:00.000,0.32786885245901637,0.5,0.07317073170731707,61
LIT,26,2020-03-01T00:00:00.000,2020-06-01T00:00:00.000,0.7903225806451613,0.9361702127659575,0.8148148148148148,62
LIT,27,2020-06-01T00:00:00.000,2020-09-01T00:00:00.000,0.6,0.8125,0.6964285714285714,65
LIT,28,2020-09-01T00:00:00.000,2020-12-01T00:00:00.000,0.84375,0.9818181818181818,0.8571428571428571,64
LIT,29,2020-12-01T00:00:00.000,2021-03-01T00:00:00.000,0.7049180327868853,0.6956521739130435,0.5925925925925926,61
LIT,30,2021-03-01T00:00:00.000,2021-06-01T00:00:00.000,0.3333333333333333,1.0,0.19230769230769232,63
LIT,31,2021-06-01T00:00:00.000,2021-09-01T00:00:00.000,0.7384615384615385,1.0,0.6458333333333334,65
LIT,32,2021-09-01T00:00:00.000,2021-12-01T00:00:00.000,0.5625,0.5344827586206896,0.96875,64
LIT,33,2021-12-01T00:00:00.000,2022-03-01T00:00:00.000,0.4666666666666667,0.16216216216216217,0.8571428571428571,60
LIT,34,2022-03-01T00:00:00.000,2022-06-01T00:00:00.000,0.4444444444444444,1.0,0.027777777777777776,63
LIT,35,2022-06-01T00:00:00.000,2022-09-01T00:00:00.000,0.7936507936507936,0.72,0.75,63
LIT,36,2022-09-01T00:00:00.000,2022-12-01T00:00:00.000,0.6825396825396826,0.0,0.0,63
LIT,37,2022-12-01T00:00:00.000,2023-03-01T00:00:00.000,0.5,0.0,0.0,60
LIT,38,2023-03-01T00:00:00.000,2023-06-01T00:00:00.000,0.5483870967741935,0.7272727272727273,0.42105263157894735,62
LIT,39,2023-06-01T00:00:00.000,2023-09-01T00:00:00.000,0.328125,0.3333333333333333,0.9545454545454546,64
LIT,40,2023-09-01T00:00:00.000,2023-12-01T00:00:00.000,0.546875,0.22727272727272727,0.29411764705882354,64
LIT,41,2023-12-01T00:00:00.000,2024-03-01T00:00:00.000,0.6229508196721312,0.6129032258064516,0.6333333333333333,61
LIT,42,2024-03-01T00:00:00.000,2024-06-01T00:00:00.000,0.5161290322580645,0.14285714285714285,0.1,62
LIT,43,2024-06-01T00:00:00.000,2024-09-01T00:00:00.000,0.4032258064516129,0.125,0.15789473684210525,62
ALB,0,2013-09-01T00:00:00.000,2013-12-01T00:00:00.000,0.6190476190476191,0.8222222222222222,0.6981132075471698,63
ALB,1,2013-12-01T00:00:00.000,2014-03-01T00:00:00.000,0.32786885245901637,0.0625,0.037037037037037035,61
ALB,2,2014-03-01T00:00:00.000,2014-06-01T00:00:00.000,0.5555555555555556,0.9210526315789473,0.5833333333333334,63
ALB,3,2014-06-01T00:00:00.000,2014-09-01T00:00:00.000,0.1875,0.20454545454545456,0.34615384615384615,64
ALB,4,2014-09-01T00:00:00.000,2014-12-01T00:00:00.000,0.5625,0.48148148148148145,1.0,64
ALB,5,2014-12-01T00:00:00.000,2015-03-01T00:00:00.000,0.36065573770491804,0.32727272727272727,0.9,61
ALB,6,2015-03-01T00:00:00.000,2015-06-01T00:00:00.000,0.34375,0.5714285714285714,0.09302325581395349,64
ALB,7,2015-06-01T00:00:00.000,2015-09-01T00:00:00.000,0.3384615384615385,0.0,0.0,65
ALB,8,2015-09-01T00:00:00.000,2015-12-01T00:00:00.000,0.5,0.8,0.36363636363636365,64
ALB,9,2015-12-01T00:00:00.000,2016-03-01T00:00:00.000,0.6612903225806451,0.6612903225806451,1.0,62
ALB,10,2016-03-01T00:00:00.000,2016-06-01T00:00:00.000,0.8923076923076924,0.9508196721311475,0.9354838709677419,65
ALB,11,2016-06-01T00:00:00.000,2016-09-01T00:00:00.000,0.22727272727272727,0.21212121212121213,0.21875,66
ALB,12,2016-09-01T00:00:00.000,2016-12-01T00:00:00.000,0.34375,0.7333333333333333,0.22448979591836735,64
ALB,13,2016-12-01T00:00:00.000,2017-03-01T00:00:00.000,0.6666666666666666,0.8444444444444444,0.7450980392156863,60
ALB,14,2017-03-01T00:00:00.000,2017-06-01T00:00:00.000,0.6153846153846154,0.7090909090909091,0.8125,65
ALB,15,2017-06-01T00:00:00.000,2017-09-01T00:00:00.000,0.5909090909090909,0.6585365853658537,0.675,66
ALB,16,2017-09-01T00:00:00.000,2017-12-01T00:00:00.000,0.46875,0.4603174603174603,1.0,64
ALB,17,2017-12-01T00:00:00.000,2018-03-01T00:00:00.000,0.55,0.09090909090909091,0.2222222222222222,60
ALB,18,2018-03-01T00:00:00.000,2018-06-01T00:00:00.000,0.4126984126984127,0.37142857142857144,0.4642857142857143,63
ALB,19,2018-06-01T00:00:00.000,2018-09-01T00:00:00.000,0.6,0.8,0.5957446808510638,65
ALB,20,2018-09-01T00:00:00.000,2018-12-01T00:00:00.000,0.5873015873015873,0.4583333333333333,1.0,63
ALB,21,2018-12-01T00:00:00.000,2019-03-01T00:00:00.000,0.38596491228070173,0.5384615384615384,0.19444444444444445,57
ALB,22,2019-03-01T00:00:00.000,2019-06-01T00:00:00.000,0.53125,0.3235294117647059,0.6111111111111112,64
ALB,23,2019-06-01T00:00:00.000,2019-09-01T00:00:00.000,0.453125,0.42857142857142855,0.08823529411764706,64
ALB,24,2019-09-01T00:00:00.000,2019-12-01T00:00:00.000,0.3333333333333333,0.3142857142857143,0.3793103448275862,63
ALB,25,2019-12-01T00:00:00.000,2020-03-01T00:00:00.000,0.14754098360655737,0.2857142857142857,0.13953488372093023,61
ALB,26,2020-03-01T00:00:00.000,2020-06-01T00:00:00.000,0.7096774193548387,0.7049180327868853,1.0,62
ALB,27,2020-06-01T00:00:00.000,2020-09-01T00:00:00.000,0.7538461538461538,0.8032786885245902,0.9245283018867925,65
ALB,28,2020-09-01T00:00:00.000,2020-12-01T00:00:00.000,0.640625,0.8297872340425532,0.7222222222222222,64
ALB,29,2020-12-01T00:00:00.000,2021-03-01T00:00:00.000,0.7540983606557377,0.6896551724137931,0.7692307692307693,61
ALB,30,2021-03-01T00:00:00.000,2021-06-01T00:00:00.000,0.36507936507936506,0.7857142857142857,0.22916666666666666,63
ALB,31,2021-06-01T00:00:00.000,2021-09-01T00:00:00.000,0.5538461538461539,0.7555555555555555,0.6538461538461539,65
ALB,32,2021-09-01T00:00:00.000,2021-12-01T00:00:00.000,0.515625,0.515625,1.0,64
ALB,33,2021-12-01T00:00:00.000,2022-03-01T00:00:00.000,0.11666666666666667,0.0625,0.2727272727272727,60
ALB,34,2022-03-01T00:00:00.000,2022-06-01T00:00:00.000,0.4444444444444444,0.875,0.17073170731707318,63
ALB,35,2022-06-01T00:00:00.000,2022-09-01T00:00:00.000,0.4603174603174603,0.696969696969697,0.48936170212765956,63
ALB,36,2022-09-01T00:00:00.000,2022-12-01T00:00:00.000,0.6031746031746031,0.5142857142857142,0.6923076923076923,63
ALB,37,2022-12-01T00:00:00.000,2023-03-01T00:00:00.000,0.5333333333333333,0.36,0.42857142857142855,60
ALB,38,2023-03-01T00:00:00.000,2023-06-01T00:00:00.000,0.6129032258064516,0.6,0.6,62
ALB,39,2023-06-01T00:00:00.000,2023-09-01T00:00:00.000,0.265625,0.15555555555555556,0.4375,64
ALB,40,2023-09-01T00:00:00.000,2023-12-01T00:00:00.000,0.34375,0.2909090909090909,0.8421052631578947,64
ALB,41,2023-12-01T00:00:00.000,2024-03-01T00:00:00.000,0.6065573770491803,0.5909090909090909,0.4642857142857143,61
ALB,42,2024-03-01T00:00:00.000,2024-06-01T00:00:00.000,0.5967741935483871,0.4,0.08333333333333333,62
ALB,43,2024-06-01T00:00:00.000,2024-09-01T00:00:00.000,0.4032258064516129,0.07692307692307693,0.13333333333333333,62
FCX,0,2013-09-01T00:00:00.000,2013-12-01T00:00:00.000,0.5079365079365079,1.0,0.225,63
FCX,1,2013-12-01T00:00:00.000,2014-03-01T00:00:00.000,0.47540983606557374,0.375,0.6818181818181818,61
FCX,2,2014-03-01T00:00:00.000,2014-06-01T00:00:00.000,0.36507936507936506,0.6333333333333333,0.3958333333333333,63
FCX,3,2014-06-01T00:00:00.000,2014-09-01T00:00:00.000,0.609375,0.42105263157894735,0.36363636363636365,64
FCX,4,2014-09-01T00:00:00.000,2014-12-01T00:00:00.000,0.453125,0.027777777777777776,1.0,64
FCX,5,2014-12-01T00:00:00.000,2015-03-01T00:00:00.000,0.29508196721311475,0.2833333333333333,1.0,61
FCX,6,2015-03-01T00:00:00.000,2015-06-01T00:00:00.000,0.53125,0.0,0.0,64
FCX,7,2015-06-01T00:00:00.000,2015-09-01T00:00:00.000,0.5384615384615384,0.3023255813953488,1.0,65
FCX,8,2015-09-01T00:00:00.000,2015-12-01T00:00:00.000,0.453125,0.3958333333333333,0.76,64
FCX,9,2015-12-01T00:00:00.000,2016-03-01T00:00:00.000,0.8225806451612904,0.7608695652173914,1.0,62
FCX,10,2016-03-01T00:00:00.000,2016-06-01T00:00:00.000,0.5538461538461539,0.6666666666666666,0.5853658536585366,65
FCX,11,2016-06-01T00:00:00.000,2016-09-01T00:00:00.000,0.5757575757575758,0.45454545454545453,0.18518518518518517,66
FCX,12,2016-09-01T00:00:00.000,2016-12-01T00:00:00.000,0.34375,0.4375,0.175,64
FCX,13,2016-12-01T00:00:00.000,2017-03-01T00:00:00.000,0.4,0.2222222222222222,0.2857142857142857,60
FCX,14,2017-03-01T00:00:00.000,2017-06-01T00:00:00.000,0.5846153846153846,0.4444444444444444,0.15384615384615385,65
FCX,15,2017-06-01T00:00:00.000,2017-09-01T00:00:00.000,0.42424242424242425,0.9285714285714286,0.26,66
FCX,16,2017-09-01T00:00:00.000,2017-12-01T00:00:00.000,0.390625,0.0,0.0,64
FCX,17,2017-12-01T00:00:00.000,2018-03-01T00:00:00.000,0.5166666666666667,0.44,0.4230769230769231,60
FCX,18,2018-03-01T00:00:00.000,2018-06-01T00:00:00.000,0.5714285714285714,0.4444444444444444,0.5,63
FCX,19,2018-06-01T00:00:00.000,2018-09-01T00:00:00.000,0.36923076923076925,0.03225806451612903,0.08333333333333333,65
FCX,20,2018-09-01T00:00:00.000,2018-12-01T00:00:00.000,0.6349206349206349,0.16,0.6666666666666666,63
FCX,21,2018-12-01T00:00:00.000,2019-03-01T00:00:00.000,0.2631578947368421,1.0,0.06666666666666667,57
FCX,22,2019-03-01T00:00:00.000,2019-06-01T00:00:00.000,0.5625,0.0,0.0,64
FCX,23,2019-06-01T00:00:00.000,2019-09-01T00:00:00.000,0.46875,0.5,0.08823529411764706,64
FCX,24,2019-09-01T00:00:00.000,2019-12-01T00:00:00.000,0.25396825396825395,0.5,0.3404255319148936,63
FCX,25,2019-12-01T00:00:00.000,2020-03-01T00:00:00.000,0.6557377049180327,0.23809523809523808,0.5,61
FCX,26,2020-03-01T00:00:00.000,2020-06-01T00:00:00.000,0.9193548387096774,0.9298245614035088,0.9814814814814815,62
FCX,27,2020-06-01T00:00:00.000,2020-09-01T00:00:00.000,0.7230769230769231,0.9787234042553191,0.7301587301587301,65
FCX,28,2020-09-01T00:00:00.000,2020-12-01T00:00:00.000,0.359375,0.9166666666666666,0.36065573770491804,64
FCX,29,2020-12-01T00:00:00.000,2021-03-01T00:00:00.000,0.3770491803278688,0.7586206896551724,0.41509433962264153,61
FCX,30,2021-03-01T00:00:00.000,2021-06-01T00:00:00.000,0.5396825396825397,0.8181818181818182,0.25,63
FCX,31,2021-06-01T00:00:00.000,2021-09-01T00:00:00.000,0.7076923076923077,0.2727272727272727,0.21428571428571427,65
FCX,32,2021-09-01T00:00:00.000,2021-12-01T00:00:00.000,0.5625,0.6341463414634146,0.6666666666666666,64
FCX,33,2021-12-01T00:00:00.000,2022-03-01T00:00:00.000,0.6833333333333333,0.8378378378378378,0.7045454545454546,60
FCX,34,2022-03-01T00:00:00.000,2022-06-01T00:00:00.000,0.4603174603174603,0.42105263157894735,0.96,63
FCX,35,2022-06-01T00:00:00.000,2022-09-01T00:00:00.000,0.5396825396825397,0.45454545454545453,0.5769230769230769,63
FCX,36,2022-09-01T00:00:00.000,2022-12-01T00:00:00.000,0.6825396825396826,0.8076923076923077,0.8076923076923077,63
FCX,37,2022-12-01T00:00:00.000,2023-03-01T00:00:00.000,0.7,0.5925925925925926,0.6956521739130435,60
FCX,38,2023-03-01T00:00:00.000,2023-06-01T00:00:00.000,0.4838709677419355,0.5,0.3125,62
FCX,39,2023-06-01T00:00:00.000,2023-09-01T00:00:00.000,0.53125,0.5833333333333334,0.21875,64
FCX,40,2023-09-01T00:00:00.000,2023-12-01T00:00:00.000,0.59375,1.0,0.16129032258064516,64
FCX,41,2023-12-01T00:00:00.000,2024-03-01T00:00:00.000,0.3442622950819672,0.2962962962962963,0.27586206896551724,61
FCX,42,2024-03-01T00:00:00.000,2024-06-01T00:00:00.000,0.43548387096774194,0.6363636363636364,0.34146341463414637,62
FCX,43,2024-06-01T00:00:00.000,2024-09-01T00:00:00.000,0.5967741935483871,0.5,0.16,62
NVDA,0,2013-09-01T00:00:00.000,2013-12-01T00:00:00.000,0.47619047619047616,0.48214285714285715,0.8709677419354839,63
NVDA,1,2013-12-01T00:00:00.000,2014-03-01T00:00:00.000,0.5573770491803278,0.6444444444444445,0.725,61
NVDA,2,2014-03-01T00:00:00.000,2014-06-01T00:00:00.000,0.6984126984126984,0.7090909090909091,0.9285714285714286,63
NVDA,3,2014-06-01T00:00:00.000,2014-09-01T00:00:00.000,0.375,0.36507936507936506,1.0,64
NVDA,4,2014-09-01T00:00:00.000,2014-12-01T00:00:00.000,0.640625,0.6349206349206349,1.0,64
NVDA,5,2014-12-01T00:00:00.000,2015-03-01T00:00:00.000,0.36065573770491804,0.5,0.07692307692307693,61
NVDA,6,2015-03-01T00:00:00.000,2015-06-01T00:00:00.000,0.40625,0.35555555555555557,0.64,64
NVDA,7,2015-06-01T00:00:00.000,2015-09-01T00:00:00.000,0.6307692307692307,0.6923076923076923,0.5294117647058824,65
NVDA,8,2015-09-01T00:00:00.000,2015-12-01T00:00:00.000,0.96875,1.0,0.96875,64
NVDA,9,2015-12-01T00:00:00.000,2016-03-01T00:00:00.000,0.532258064516129,0.532258064516129,1.0,62
NVDA,10,2016-03-01T00:00:00.000,2016-06-01T00:00:00.000,0.8923076923076924,0.9122807017543859,0.9629629629629629,65
NVDA,11,2016-06-01T00:00:00.000,2016-09-01T00:00:00.000,0.8333333333333334,0.9482758620689655,0.873015873015873,66
NVDA,12,2016-09-01T00:00:00.000,2016-12-01T00:00:00.000,0.984375,0.984375,1.0,64
NVDA,13,2016-12-01T00:00:00.000,2017-03-01T00:00:00.000,0.6,0.6181818181818182,0.918918918918919,60
NVDA,14,2017-03-01T00:00:00.000,2017-06-01T00:00:00.000,0.7230769230769231,0.734375,0.9791666666666666,65
NVDA,15,2017-06-01T00:00:00.000,2017-09-01T00:00:00.000,0.7575757575757576,0.765625,0.98,66
NVDA,16,2017-09-01T00:00:00.000,2017-12-01T00:00:00.000,0.59375,0.6829268292682927,0.6829268292682927,64
NVDA,17,2017-12-01T00:00:00.000,2018-03-01T00:00:00.000,0.7666666666666667,0.7796610169491526,0.9787234042553191,60
NVDA,18,2018-03-01T00:00:00.000,2018-06-01T00:00:00.000,0.7777777777777778,0.7254901960784313,1.0,63
NVDA,19,2018-06-01T00:00:00.000,2018-09-01T00:00:00.000,0.5692307692307692,0.6744186046511628,0.6744186046511628,65
NVDA,20,2018-09-01T00:00:00.000,2018-12-01T00:00:00.000,0.06349206349206349,0.03278688524590164,1.0,63
NVDA,21,2018-12-01T00:00:00.000,2019-03-01T00:00:00.000,0.3508771929824561,1.0,0.24489795918367346,57
NVDA,22,2019-03-01T00:00:00.000,2019-06-01T00:00:00.000,0.46875,0.44680851063829785,0.7241379310344828,64
NVDA,23,2019-06-01T00:00:00.000,2019-09-01T00:00:00.000,0.796875,0.8478260869565217,0.8666666666666667,64
NVDA,24,2019-09-01T00:00:00.000,2019-12-01T00:00:00.000,0.5079365079365079,0.9090909090909091,0.5172413793103449,63
NVDA,25,2019-12-01T00:00:00.000,2020-03-01T00:00:00.000,0.5081967213114754,0.7073170731707317,0.6170212765957447,61
NVDA,26,2020-03-01T00:00:00.000,2020-06-01T00:00:00.000,0.9354838709677419,0.9354838709677419,1.0,62
NVDA,27,2020-06-01T00:00:00.000,2020-09-01T00:00:00.000,0.9384615384615385,0.9384615384615385,1.0,65
NVDA,28,2020-09-01T00:00:00.000,2020-12-01T00:00:00.000,0.4375,0.4444444444444444,0.9655172413793104,64
NVDA,29,2020-12-01T00:00:00.000,2021-03-01T00:00:00.000,0.5081967213114754,0.5081967213114754,1.0,61
NVDA,30,2021-03-01T00:00:00.000,2021-06-01T00:00:00.000,0.8095238095238095,0.8448275862068966,0.9423076923076923,63
NVDA,31,2021-06-01T00:00:00.000,2021-09-01T00:00:00.000,0.6307692307692307,0.782608695652174,0.72,65
NVDA,32,2021-09-01T00:00:00.000,2021-12-01T00:00:00.000,0.546875,0.5862068965517241,0.8717948717948718,64
NVDA,33,2021-12-01T00:00:00.000,2022-03-01T00:00:00.000,0.4,0.2857142857142857,0.9333333333333333,60
NVDA,34,2022-03-01T00:00:00.000,2022-06-01T00:00:00.000,0.30158730158730157,0.20408163265306123,0.6666666666666666,63
NVDA,35,2022-06-01T00:00:00.000,2022-09-01T00:00:00.000,0.5238095238095238,0.0,0.0,63
NVDA,36,2022-09-01T00:00:00.000,2022-12-01T00:00:00.000,0.4444444444444444,1.0,0.16666666666666666,63
NVDA,37,2022-12-01T00:00:00.000,2023-03-01T00:00:00.000,0.48333333333333334,0.8846153846153846,0.45098039215686275,60
NVDA,38,2023-03-01T00:00:00.000,2023-06-01T00:00:00.000,0.5645161290322581,0.9444444444444444,0.576271186440678,62
NVDA,39,2023-06-01T00:00:00.000,2023-09-01T00:00:00.000,0.5625,0.6923076923076923,0.75,64
NVDA,40,2023-09-01T00:00:00.000,2023-12-01T00:00:00.000,0.671875,0.6610169491525424,0.975,64
NVDA,41,2023-12-01T00:00:00.000,2024-03-01T00:00:00.000,0.819672131147541,1.0,0.819672131147541,61
NVDA,42,2024-03-01T00:00:00.000,2024-06-01T00:00:00.000,0.6612903225806451,0.6842105263157895,0.9285714285714286,62
NVDA,43,2024-06-01T00:00:00.000,2024-09-01T00:00:00.000,0.41935483870967744,0.4375,0.7,62
TSM,0,2013-09-01T00:00:00.000,2013-12-01T00:00:00.000,0.49206349206349204,0.4838709677419355,1.0,63
TSM,1,2013-12-01T00:00:00.000,2014-03-01T00:00:00.000,0.45901639344262296,0.5714285714285714,0.7,61
TSM,2,2014-03-01T00:00:00.000,2014-06-01T00:00:00.000,0.6507936507936508,0.9487179487179487,0.6491228070175439,63
TSM,3,2014-06-01T00:00:00.000,2014-09-01T00:00:00.000,0.59375,0.5689655172413793,0.9705882352941176,64
TSM,4,2014-09-01T00:00:00.000,2014-12-01T00:00:00.000,0.6875,0.6808510638297872,0.8648648648648649,64
TSM,5,2014-12-01T00:00:00.000,2015-03-01T00:00:00.000,0.7049180327868853,0.6981132075471698,0.9487179487179487,61
TSM,6,2015-03-01T00:00:00.000,2015-06-01T00:00:00.000,0.75,0.6,0.8181818181818182,64
TSM,7,2015-06-01T00:00:00.000,2015-09-01T00:00:00.000,0.36923076923076925,0.23809523809523808,0.5263157894736842,65
TSM,8,2015-09-01T00:00:00.000,2015-12-01T00:00:00.000,0.75,0.9361702127659575,0.7719298245614035,64
TSM,9,2015-12-01T00:00:00.000,2016-03-01T00:00:00.000,0.6451612903225806,0.6451612903225806,1.0,62
TSM,10,2016-03-01T00:00:00.000,2016-06-01T00:00:00.000,0.6153846153846154,0.5833333333333334,1.0,65
TSM,11,2016-06-01T00:00:00.000,2016-09-01T00:00:00.000,0.7121212121212122,0.9361702127659575,0.7333333333333333,66
TSM,12,2016-09-01T00:00:00.000,2016-12-01T00:00:00.000,0.5,0.4666666666666667,1.0,64
TSM,13,2016-12-01T00:00:00.000,2017-03-01T00:00:00.000,0.45,0.8888888888888888,0.4444444444444444,60
TSM,14,2017-03-01T00:00:00.000,2017-06-01T00:00:00.000,0.8615384615384616,0.8615384615384616,1.0,65
TSM,15,2017-06-01T00:00:00.000,2017-09-01T00:00:00.000,0.8333333333333334,0.8461538461538461,0.9821428571428571,66
TSM,16,2017-09-01T00:00:00.000,2017-12-01T00:00:00.000,0.625,0.6440677966101694,0.926829268292683,64
TSM,17,2017-12-01T00:00:00.000,2018-03-01T00:00:00.000,0.31666666666666665,0.5384615384615384,0.32558139534883723,60
TSM,18,2018-03-01T00:00:00.000,2018-06-01T00:00:00.000,0.38095238095238093,0.22,1.0,63
TSM,19,2018-06-01T00:00:00.000,2018-09-01T00:00:00.000,0.2923076923076923,1.0,0.17857142857142858,65
TSM,20,2018-09-01T00:00:00.000,2018-12-01T00:00:00.000,0.15873015873015872,0.07407407407407407,0.5714285714285714,63
TSM,21,2018-12-01T00:00:00.000,2019-03-01T00:00:00.000,0.40350877192982454,0.875,0.30434782608695654,57
TSM,22,2019-03-01T00:00:00.000,2019-06-01T00:00:00.000,0.296875,0.4146341463414634,0.4473684210526316,64
TSM,23,2019-06-01T00:00:00.000,2019-09-01T00:00:00.000,0.46875,0.9444444444444444,0.34,64
TSM,24,2019-09-01T00:00:00.000,2019-12-01T00:00:00.000,0.5238095238095238,1.0,0.5161290322580645,63
TSM,25,2019-12-01T00:00:00.000,2020-03-01T00:00:00.000,0.5081967213114754,0.3157894736842105,0.75,61
TSM,26,2020-03-01T00:00:00.000,2020-06-01T00:00:00.000,0.7419354838709677,0.7288135593220338,1.0,62
TSM,27,2020-06-01T00:00:00.000,2020-09-01T00:00:00.000,0.7846153846153846,0.8225806451612904,0.9444444444444444,65
TSM,28,2020-09-01T00:00:00.000,2020-12-01T00:00:00.000,0.828125,0.9636363636363636,0.8548387096774194,64
TSM,29,2020-12-01T00:00:00.000,2021-03-01T00:00:00.000,0.6065573770491803,0.7916666666666666,0.5,61
TSM,30,2021-03-01T00:00:00.000,2021-06-01T00:00:00.000,0.5396825396825397,1.0,0.2564102564102564,63
TSM,31,2021-06-01T00:00:00.000,2021-09-01T00:00:00.000,0.5692307692307692,0.5909090909090909,0.7222222222222222,65
TSM,32,2021-09-01T00:00:00.000,2021-12-01T00:00:00.000,0.640625,0.6666666666666666,0.85,64
TSM,33,2021-12-01T00:00:00.000,2022-03-01T00:00:00.000,0.48333333333333334,0.40425531914893614,0.8636363636363636,60
TSM,34,2022-03-01T00:00:00.000,2022-06-01T00:00:00.000,0.6984126984126984,0.3,0.5454545454545454,63
TSM,35,2022-06-01T00:00:00.000,2022-09-01T00:00:00.000,0.4444444444444444,0.22727272727272727,0.21739130434782608,63
TSM,36,2022-09-01T00:00:00.000,2022-12-01T00:00:00.000,0.47619047619047616,0.16666666666666666,0.08,63
TSM,37,2022-12-01T00:00:00.000,2023-03-01T00:00:00.000,0.5333333333333333,0.7,0.3888888888888889,60
TSM,38,2023-03-01T00:00:00.000,2023-06-01T00:00:00.000,0.6612903225806451,0.6595744680851063,0.8611111111111112,62
TSM,39,2023-06-01T00:00:00.000,2023-09-01T00:00:00.000,0.40625,0.12195121951219512,0.7142857142857143,64
TSM,40,2023-09-01T00:00:00.000,2023-12-01T00:00:00.000,0.484375,0.8181818181818182,0.5,64
TSM,41,2023-12-01T00:00:00.000,2024-03-01T00:00:00.000,0.3770491803278688,0.9583333333333334,0.38333333333333336,61
TSM,42,2024-03-01T00:00:00.000,2024-06-01T00:00:00.000,0.7096774193548387,0.7924528301886793,0.8571428571428571,62
TSM,43,2024-06-01T00:00:00.000,2024-09-01T00:00:00.000,0.41935483870967744,0.4864864864864865,0.5142857142857142,62
AMD,0,2013-09-01T00:00:00.000,2013-12-01T00:00:00.000,0.5714285714285714,0.6578947368421053,0.6410256410256411,63
AMD,1,2013-12-01T00:00:00.000,2014-03-01T00:00:00.000,0.6721311475409836,0.7142857142857143,0.8536585365853658,61
AMD,2,2014-03-01T00:00:00.000,2014-06-01T00:00:00.000,0.3492063492063492,0.45454545454545453,0.39473684210526316,63
AMD,3,2014-06-01T00:00:00.000,2014-09-01T00:00:00.000,0.40625,0.358974358974359,0.5185185185185185,64
AMD,4,2014-09-01T00:00:00.000,2014-12-01T00:00:00.000,0.5,0.20512820512820512,0.8888888888888888,64
AMD,5,2014-12-01T00:00:00.000,2015-03-01T00:00:00.000,0.4262295081967213,0.2222222222222222,0.06666666666666667,61
AMD,6,2015-03-01T00:00:00.000,2015-06-01T00:00:00.000,0.515625,0.21428571428571427,0.4,64
AMD,7,2015-06-01T00:00:00.000,2015-09-01T00:00:00.000,0.5846153846153846,0.37037037037037035,0.5,65
AMD,8,2015-09-01T00:00:00.000,2015-12-01T00:00:00.000,0.765625,0.9245283018867925,0.8166666666666667,64
AMD,9,2015-12-01T00:00:00.000,2016-03-01T00:00:00.000,0.41935483870967744,0.37142857142857144,0.48148148148148145,62
AMD,10,2016-03-01T00:00:00.000,2016-06-01T00:00:00.000,0.676923076923077,1.0,0.6557377049180327,65
AMD,11,2016-06-01T00:00:00.000,2016-09-01T00:00:00.000,0.6212121212121212,0.6964285714285714,0.8297872340425532,66
AMD,12,2016-09-01T00:00:00.000,2016-12-01T00:00:00.000,0.78125,0.8771929824561403,0.8771929824561403,64
AMD,13,2016-12-01T00:00:00.000,2017-03-01T00:00:00.000,0.65,0.775,0.7209302325581395,60
AMD,14,2017-03-01T00:00:00.000,2017-06-01T00:00:00.000,0.4,0.40625,0.9629629629629629,65
AMD,15,2017-06-01T00:00:00.000,2017-09-01T00:00:00.000,0.6060606060606061,0.5961538461538461,0.8611111111111112,66
AMD,16,2017-09-01T00:00:00.000,2017-12-01T00:00:00.000,0.265625,0.20408163265306123,0.5555555555555556,64
AMD,17,2017-12-01T00:00:00.000,2018-03-01T00:00:00.000,0.36666666666666664,0.3783783783783784,0.4827586206896552,60
AMD,18,2018-03-01T00:00:00.000,2018-06-01T00:00:00.000,0.42857142857142855,0.6363636363636364,0.4666666666666667,63
AMD,19,2018-06-01T00:00:00.000,2018-09-01T00:00:00.000,0.6923076923076923,0.9375,0.7258064516129032,65
AMD,20,2018-09-01T00:00:00.000,2018-12-01T00:00:00.000,0.30158730158730157,0.2,1.0,63
AMD,21,2018-12-01T00:00:00.000,2019-03-01T00:00:00.000,0.24561403508771928,0.6,0.13333333333333333,57
AMD,22,2019-03-01T00:00:00.000,2019-06-01T00:00:00.000,0.53125,0.7692307692307693,0.5882352941176471,64
AMD,23,2019-06-01T00:00:00.000,2019-09-01T00:00:00.000,0.546875,0.5217391304347826,0.4,64
AMD,24,2019-09-01T00:00:00.000,2019-12-01T00:00:00.000,0.2222222222222222,0.6363636363636364,0.1346153846153846,63
AMD,25,2019-12-01T00:00:00.000,2020-03-01T00:00:00.000,0.7377049180327869,0.775,0.8157894736842105,61
AMD,26,2020-03-01T00:00:00.000,2020-06-01T00:00:00.000,0.6451612903225806,0.631578947368421,0.972972972972973,62
AMD,27,2020-06-01T00:00:00.000,2020-09-01T00:00:00.000,0.6615384615384615,0.65625,1.0,65
AMD,28,2020-09-01T00:00:00.000,2020-12-01T00:00:00.000,0.640625,0.7068965517241379,0.8723404255319149,64
AMD,29,2020-12-01T00:00:00.000,2021-03-01T00:00:00.000,0.36065573770491804,0.2,0.75,61
AMD,30,2021-03-01T00:00:00.000,2021-06-01T00:00:00.000,0.6190476190476191,0.6140350877192983,0.9459459459459459,63
AMD,31,2021-06-01T00:00:00.000,2021-09-01T00:00:00.000,0.5692307692307692,0.6607142857142857,0.8043478260869565,65
AMD,32,2021-09-01T00:00:00.000,2021-12-01T00:00:00.000,0.671875,0.6666666666666666,1.0,64
AMD,33,2021-12-01T00:00:00.000,2022-03-01T00:00:00.000,0.55,0.3142857142857143,0.7857142857142857,60
AMD,34,2022-03-01T00:00:00.000,2022-06-01T00:00:00.000,0.6190476190476191,0.2222222222222222,0.10526315789473684,63
AMD,35,2022-06-01T00:00:00.000,2022-09-01T00:00:00.000,0.5555555555555556,0.4444444444444444,0.14814814814814814,63
AMD,36,2022-09-01T00:00:00.000,2022-12-01T00:00:00.000,0.6349206349206349,1.0,0.08,63
AMD,37,2022-12-01T00:00:00.000,2023-03-01T00:00:00.000,0.25,0.5714285714285714,0.1702127659574468,60
AMD,38,2023-03-01T00:00:00.000,2023-06-01T00:00:00.000,0.5,0.6190476190476191,0.6341463414634146,62
AMD,39,2023-06-01T00:00:00.000,2023-09-01T00:00:00.000,0.1875,0.10714285714285714,0.75,64
AMD,40,2023-09-01T00:00:00.000,2023-12-01T00:00:00.000,0.5,0.875,0.5,64
AMD,41,2023-12-01T00:00:00.000,2024-03-01T00:00:00.000,0.7868852459016393,0.8571428571428571,0.9056603773584906,61
AMD,42,2024-03-01T00:00:00.000,2024-06-01T00:00:00.000,0.3548387096774194,0.3018867924528302,0.8421052631578947,62
AMD,43,2024-06-01T00:00:00.000,2024-09-01T00:00:00.000,0.5806451612903226,0.6122448979591837,0.8108108108108109,62
BNO,0,2013-09-01T00:00:00.000,2013-12-01T00:00:00.000,0.5714285714285714,0.5849056603773585,0.8611111111111112,63
BNO,1,2013-12-01T00:00:00.000,2014-03-01T00:00:00.000,0.5081967213114754,0.3870967741935484,0.5217391304347826,61
BNO,2,2014-03-01T00:00:00.000,2014-06-01T00:00:00.000,0.42857142857142855,0.9166666666666666,0.39285714285714285,63
BNO,3,2014-06-01T00:00:00.000,2014-09-01T00:00:00.000,0.375,0.1111111111111111,1.0,64
BNO,4,2014-09-01T00:00:00.000,2014-12-01T00:00:00.000,0.125,0.0,0.0,64
BNO,5,2014-12-01T00:00:00.000,2015-03-01T00:00:00.000,0.4426229508196721,0.40384615384615385,0.875,61
BNO,6,2015-03-01T00:00:00.000,2015-06-01T00:00:00.000,0.640625,0.7058823529411765,0.4,64
BNO,7,2015-06-01T00:00:00.000,2015-09-01T00:00:00.000,0.5384615384615384,0.25,1.0,65
BNO,8,2015-09-01T00:00:00.000,2015-12-01T00:00:00.000,0.265625,0.14285714285714285,0.5833333333333334,64
BNO,9,2015-12-01T00:00:00.000,2016-03-01T00:00:00.000,0.6612903225806451,0.6578947368421053,0.7575757575757576,62
BNO,10,2016-03-01T00:00:00.000,2016-06-01T00:00:00.000,0.2923076923076923,0.7647058823529411,0.23636363636363636,65
BNO,11,2016-06-01T00:00:00.000,2016-09-01T00:00:00.000,0.6363636363636364,0.5,0.5416666666666666,66
BNO,12,2016-09-01T00:00:00.000,2016-12-01T00:00:00.000,0.515625,1.0,0.27906976744186046,64
BNO,13,2016-12-01T00:00:00.000,2017-03-01T00:00:00.000,0.6,0.36363636363636365,0.19047619047619047,60
BNO,14,2017-03-01T00:00:00.000,2017-06-01T00:00:00.000,0.6461538461538462,0.0,0.0,65
BNO,15,2017-06-01T00:00:00.000,2017-09-01T00:00:00.000,0.3939393939393939,1.0,0.25925925925925924,66
BNO,16,2017-09-01T00:00:00.000,2017-12-01T00:00:00.000,0.078125,1.0,0.016666666666666666,64
BNO,17,2017-12-01T00:00:00.000,2018-03-01T00:00:00.000,0.6333333333333333,0.7142857142857143,0.6756756756756757,60
BNO,18,2018-03-01T00:00:00.000,2018-06-01T00:00:00.000,0.5873015873015873,0.7804878048780488,0.6530612244897959,63
BNO,19,2018-06-01T00:00:00.000,2018-09-01T00:00:00.000,0.5538461538461539,0.58,0.7837837837837838,65
BNO,20,2018-09-01T00:00:00.000,2018-12-01T00:00:00.000,0.36507936507936506,0.15789473684210525,0.42857142857142855,63
BNO,21,2018-12-01T00:00:00.000,2019-03-01T00:00:00.000,0.2807017543859649,0.8333333333333334,0.20408163265306123,57
BNO,22,2019-03-01T00:00:00.000,2019-06-01T00:00:00.000,0.4375,0.4411764705882353,0.46875,64
BNO,23,2019-06-01T00:00:00.000,2019-09-01T00:00:00.000,0.5,0.6,0.09090909090909091,64
BNO,24,2019-09-01T00:00:00.000,2019-12-01T00:00:00.000,0.6190476190476191,0.8823529411764706,0.6,63
BNO,25,2019-12-01T00:00:00.000,2020-03-01T00:00:00.000,0.4262295081967213,0.18421052631578946,0.6363636363636364,61
BNO,26,2020-03-01T00:00:00.000,2020-06-01T00:00:00.000,0.532258064516129,0.5166666666666667,1.0,62
BNO,27,2020-06-01T00:00:00.000,2020-09-01T00:00:00.000,0.7384615384615385,0.7333333333333333,0.9777777777777777,65
BNO,28,2020-09-01T00:00:00.000,2020-12-01T00:00:00.000,0.65625,0.6842105263157895,0.9069767441860465,64
BNO,29,2020-12-01T00:00:00.000,2021-03-01T00:00:00.000,0.47540983606557374,0.875,0.5,61
BNO,30,2021-03-01T00:00:00.000,2021-06-01T00:00:00.000,0.4603174603174603,1.0,0.3584905660377358,63
BNO,31,2021-06-01T00:00:00.000,2021-09-01T00:00:00.000,0.3384615384615385,0.2857142857142857,0.17647058823529413,65
BNO,32,2021-09-01T00:00:00.000,2021-12-01T00:00:00.000,0.421875,0.425,0.5483870967741935,64
BNO,33,2021-12-01T00:00:00.000,2022-03-01T00:00:00.000,0.8833333333333333,1.0,0.8833333333333333,60
BNO,34,2022-03-01T00:00:00.000,2022-06-01T00:00:00.000,0.6666666666666666,0.6721311475409836,0.9761904761904762,63
BNO,35,2022-06-01T00:00:00.000,2022-09-01T00:00:00.000,0.3968253968253968,0.13636363636363635,1.0,63
BNO,36,2022-09-01T00:00:00.000,2022-12-01T00:00:00.000,0.3492063492063492,0.38461538461538464,0.46875,63
BNO,37,2022-12-01T00:00:00.000,2023-03-01T00:00:00.000,0.6,0.7,0.25,60
BNO,38,2023-03-01T00:00:00.000,2023-06-01T00:00:00.000,0.4838709677419355,0.45,0.6428571428571429,62
BNO,39,2023-06-01T00:00:00.000,2023-09-01T00:00:00.000,0.375,1.0,0.375,64
BNO,40,2023-09-01T00:00:00.000,2023-12-01T00:00:00.000,0.484375,0.1388888888888889,0.7142857142857143,64
BNO,41,2023-12-01T00:00:00.000,2024-03-01T00:00:00.000,0.8032786885245902,0.9791666666666666,0.8103448275862069,61
BNO,42,2024-03-01T00:00:00.000,2024-06-01T00:00:00.000,0.4838709677419355,0.5333333333333333,0.24242424242424243,62
BNO,43,2024-06-01T00:00:00.000,2024-09-01T00:00:00.000,0.4032258064516129,0.2553191489361702,0.8571428571428571,62
XOM,0,2013-09-01T00:00:00.000,2013-12-01T00:00:00.000,0.6031746031746031,0.8333333333333334,0.6122448979591837,63
XOM,1,2013-12-01T00:00:00.000,2014-03-01T00:00:00.000,0.4262295081967213,0.42857142857142855,0.18181818181818182,61
XOM,2,2014-03-01T00:00:00.000,2014-06-01T00:00:00.000,0.6349206349206349,0.9142857142857143,0.6153846153846154,63
XOM,3,2014-06-01T00:00:00.000,2014-09-01T00:00:00.000,0.328125,0.2830188679245283,0.75,64
XOM,4,2014-09-01T00:00:00.000,2014-12-01T00:00:00.000,0.484375,0.4406779661016949,1.0,64
XOM,5,2014-12-01T00:00:00.000,2015-03-01T00:00:00.000,0.39344262295081966,0.3728813559322034,1.0,61
XOM,6,2015-03-01T00:00:00.000,2015-06-01T00:00:00.000,0.453125,0.375,0.1935483870967742,64
XOM,7,2015-06-01T00:00:00.000,2015-09-01T00:00:00.000,0.4,0.0975609756097561,0.6666666666666666,65
XOM,8,2015-09-01T00:00:00.000,2015-12-01T00:00:00.000,0.515625,0.6,0.4166666666666667,64
XOM,9,2015-12-01T00:00:00.000,2016-03-01T00:00:00.000,0.7096774193548387,0.8571428571428571,0.6976744186046512,62
XOM,10,2016-03-01T00:00:00.000,2016-06-01T00:00:00.000,0.35384615384615387,0.875,0.35,65
XOM,11,2016-06-01T00:00:00.000,2016-09-01T00:00:00.000,0.3181818181818182,0.3469387755102041,0.5666666666666667,66
XOM,12,2016-09-01T00:00:00.000,2016-12-01T00:00:00.000,0.359375,0.6190476190476191,0.2826086956521739,64
XOM,13,2016-12-01T00:00:00.000,2017-03-01T00:00:00.000,0.4666666666666667,0.2,0.42857142857142855,60
XOM,14,2017-03-01T00:00:00.000,2017-06-01T00:00:00.000,0.5538461538461539,0.5526315789473685,0.6363636363636364,65
XOM,15,2017-06-01T00:00:00.000,2017-09-01T00:00:00.000,0.3333333333333333,0.24444444444444444,0.5238095238095238,66
XOM,16,2017-09-01T00:00:00.000,2017-12-01T00:00:00.000,0.484375,0.7352941176470589,0.5102040816326531,64
XOM,17,2017-12-01T00:00:00.000,2018-03-01T00:00:00.000,0.38333333333333336,0.3508771929824561,1.0,60
XOM,18,2018-03-01T00:00:00.000,2018-06-01T00:00:00.000,0.3333333333333333,0.6206896551724138,0.3673469387755102,63
XOM,19,2018-06-01T00:00:00.000,2018-09-01T00:00:00.000,0.6153846153846154,0.6538461538461539,0.8292682926829268,65
XOM,20,2018-09-01T00:00:00.000,2018-12-01T00:00:00.000,0.38095238095238093,0.23529411764705882,1.0,63
XOM,21,2018-12-01T00:00:00.000,2019-03-01T00:00:00.000,0.2982456140350877,0.8888888888888888,0.1702127659574468,57
XOM,22,2019-03-01T00:00:00.000,2019-06-01T00:00:00.000,0.25,0.19444444444444445,0.2692307692307692,64
XOM,23,2019-06-01T00:00:00.000,2019-09-01T00:00:00.000,0.671875,0.8333333333333334,0.3448275862068966,64
XOM,24,2019-09-01T00:00:00.000,2019-12-01T00:00:00.000,0.47619047619047616,0.5,0.3333333333333333,63
XOM,25,2019-12-01T00:00:00.000,2020-03-01T00:00:00.000,0.4918032786885246,0.14705882352941177,0.7142857142857143,61
XOM,26,2020-03-01T00:00:00.000,2020-06-01T00:00:00.000,0.8709677419354839,0.8620689655172413,1.0,62
XOM,27,2020-06-01T00:00:00.000,2020-09-01T00:00:00.000,0.7692307692307693,0.2777777777777778,0.7142857142857143,65
XOM,28,2020-09-01T00:00:00.000,2020-12-01T00:00:00.000,0.375,0.47058823529411764,0.42105263157894735,64
XOM,29,2020-12-01T00:00:00.000,2021-03-01T00:00:00.000,0.04918032786885246,1.0,0.03333333333333333,61
XOM,30,2021-03-01T00:00:00.000,2021-06-01T00:00:00.000,0.2698412698412698,0.5151515151515151,0.3617021276595745,63
XOM,31,2021-06-01T00:00:00.000,2021-09-01T00:00:00.000,0.2,0.14,0.4375,65
XOM,32,2021-09-01T00:00:00.000,2021-12-01T00:00:00.000,0.40625,0.5,0.6578947368421053,64
XOM,33,2021-12-01T00:00:00.000,2022-03-01T00:00:00.000,0.85,0.9622641509433962,0.8793103448275862,60
XOM,34,2022-03-01T00:00:00.000,2022-06-01T00:00:00.000,0.7301587301587301,0.7592592592592593,0.9111111111111111,63
XOM,35,2022-06-01T00:00:00.000,2022-09-01T00:00:00.000,0.6984126984126984,0.7142857142857143,0.875,63
XOM,36,2022-09-01T00:00:00.000,2022-12-01T00:00:00.000,0.6349206349206349,0.6349206349206349,1.0,63
XOM,37,2022-12-01T00:00:00.000,2023-03-01T00:00:00.000,0.45,0.4897959183673469,0.75,60
XOM,38,2023-03-01T00:00:00.000,2023-06-01T00:00:00.000,0.5645161290322581,0.5555555555555556,0.78125,62
XOM,39,2023-06-01T00:00:00.000,2023-09-01T00:00:00.000,0.71875,0.8,0.8627450980392157,64
XOM,40,2023-09-01T00:00:00.000,2023-12-01T00:00:00.000,0.03125,0.03125,1.0,64
XOM,41,2023-12-01T00:00:00.000,2024-03-01T00:00:00.000,0.7540983606557377,0.851063829787234,0.8333333333333334,61
XOM,42,2024-03-01T00:00:00.000,2024-06-01T00:00:00.000,0.46774193548387094,0.45652173913043476,0.7241379310344828,62
XOM,43,2024-06-01T00:00:00.000,2024-09-01T00:00:00.000,0.6774193548387096,0.6949152542372882,0.9534883720930233,62
CVX,0,2013-09-01T00:00:00.000,2013-12-01T00:00:00.000,0.5714285714285714,0.6666666666666666,0.5405405405405406,63
CVX,1,2013-12-01T00:00:00.000,2014-03-01T00:00:00.000,0.29508196721311475,0.3404255319148936,0.5714285714285714,61
CVX,2,2014-03-01T00:00:00.000,2014-06-01T00:00:00.000,0.5873015873015873,0.8095238095238095,0.6538461538461539,63
CVX,3,2014-06-01T00:00:00.000,2014-09-01T00:00:00.000,0.421875,0.4126984126984127,1.0,64
CVX,4,2014-09-01T00:00:00.000,2014-12-01T00:00:00.000,0.328125,0.29508196721311475,1.0,64
CVX,5,2014-12-01T00:00:00.000,2015-03-01T00:00:00.000,0.47540983606557374,0.45454545454545453,0.9259259259259259,61
CVX,6,2015-03-01T00:00:00.000,2015-06-01T00:00:00.000,0.5,0.3684210526315789,0.25925925925925924,64
CVX,7,2015-06-01T00:00:00.000,2015-09-01T00:00:00.000,0.4307692307692308,0.1,0.8,65
CVX,8,2015-09-01T00:00:00.000,2015-12-01T00:00:00.000,0.53125,0.7428571428571429,0.5531914893617021,64
CVX,9,2015-12-01T00:00:00.000,2016-03-01T00:00:00.000,0.7580645161290323,0.7291666666666666,0.9459459459459459,62
CVX,10,2016-03-01T00:00:00.000,2016-06-01T00:00:00.000,0.7538461538461538,0.8305084745762712,0.8909090909090909,65
CVX,11,2016-06-01T00:00:00.000,2016-09-01T00:00:00.000,0.30303030303030304,0.3333333333333333,0.35294117647058826,66
CVX,12,2016-09-01T00:00:00.000,2016-12-01T00:00:00.000,0.5,0.8888888888888888,0.5333333333333333,64
CVX,13,2016-12-01T00:00:00.000,2017-03-01T00:00:00.000,0.8166666666666667,0.5384615384615384,0.5833333333333334,60
CVX,14,2017-03-01T00:00:00.000,2017-06-01T00:00:00.000,0.5692307692307692,0.4222222222222222,0.9047619047619048,65
CVX,15,2017-06-01T00:00:00.000,2017-09-01T00:00:00.000,0.5757575757575758,0.7441860465116279,0.6530612244897959,66
CVX,16,2017-09-01T00:00:00.000,2017-12-01T00:00:00.000,0.34375,1.0,0.045454545454545456,64
CVX,17,2017-12-01T00:00:00.000,2018-03-01T00:00:00.000,0.4666666666666667,0.5217391304347826,0.7058823529411765,60
CVX,18,2018-03-01T00:00:00.000,2018-06-01T00:00:00.000,0.7301587301587301,0.9393939393939394,0.6739130434782609,63
CVX,19,2018-06-01T00:00:00.000,2018-09-01T00:00:00.000,0.4461538461538462,0.36538461538461536,0.8636363636363636,65
CVX,20,2018-09-01T00:00:00.000,2018-12-01T00:00:00.000,0.4603174603174603,0.375,0.8181818181818182,63
CVX,21,2018-12-01T00:00:00.000,2019-03-01T00:00:00.000,0.5087719298245614,0.9523809523809523,0.425531914893617,57
CVX,22,2019-03-01T00:00:00.000,2019-06-01T00:00:00.000,0.703125,0.8333333333333334,0.6410256410256411,64
CVX,23,2019-06-01T00:00:00.000,2019-09-01T00:00:00.000,0.640625,0.9230769230769231,0.35294117647058826,64
CVX,24,2019-09-01T00:00:00.000,2019-12-01T00:00:00.000,0.5714285714285714,0.5490196078431373,0.875,63
CVX,25,2019-12-01T00:00:00.000,2020-03-01T00:00:00.000,0.6557377049180327,0.2,0.8333333333333334,61
CVX,26,2020-03-01T00:00:00.000,2020-06-01T00:00:00.000,0.7903225806451613,0.7833333333333333,1.0,62
CVX,27,2020-06-01T00:00:00.000,2020-09-01T00:00:00.000,0.35384615384615387,0.2549019607843137,0.7647058823529411,65
CVX,28,2020-09-01T00:00:00.000,2020-12-01T00:00:00.000,0.421875,0.46,0.696969696969697,64
CVX,29,2020-12-01T00:00:00.000,2021-03-01T00:00:00.000,0.4262295081967213,1.0,0.2857142857142857,61
CVX,30,2021-03-01T00:00:00.000,2021-06-01T00:00:00.000,0.6031746031746031,0.675,0.6923076923076923,63
CVX,31,2021-06-01T00:00:00.000,2021-09-01T00:00:00.000,0.4307692307692308,0.17647058823529413,0.4,65
CVX,32,2021-09-01T00:00:00.000,2021-12-01T00:00:00.000,0.5,0.9375,0.5,64
CVX,33,2021-12-01T00:00:00.000,2022-03-01T00:00:00.000,0.9666666666666667,1.0,0.9666666666666667,60
CVX,34,2022-03-01T00:00:00.000,2022-06-01T00:00:00.000,0.6507936507936508,0.6341463414634146,0.7878787878787878,63
CVX,35,2022-06-01T00:00:00.000,2022-09-01T00:00:00.000,0.6031746031746031,0.6944444444444444,0.6410256410256411,63
CVX,36,2022-09-01T00:00:00.000,2022-12-01T00:00:00.000,0.5873015873015873,0.5873015873015873,1.0,63
CVX,37,2022-12-01T00:00:00.000,2023-03-01T00:00:00.000,0.31666666666666665,0.2222222222222222,0.625,60
CVX,38,2023-03-01T00:00:00.000,2023-06-01T00:00:00.000,0.5,0.5641025641025641,0.6111111111111112,62
CVX,39,2023-06-01T00:00:00.000,2023-09-01T00:00:00.000,0.765625,0.8,0.9411764705882353,64
CVX,40,2023-09-01T00:00:00.000,2023-12-01T00:00:00.000,0.265625,0.2962962962962963,0.64,64
CVX,41,2023-12-01T00:00:00.000,2024-03-01T00:00:00.000,0.5901639344262295,0.660377358490566,0.8333333333333334,61
CVX,42,2024-03-01T00:00:00.000,2024-06-01T00:00:00.000,0.5967741935483871,0.625,0.7142857142857143,62
CVX,43,2024-06-01T00:00:00.000,2024-09-01T00:00:00.000,0.3548387096774194,0.25925925925925924,1.0,62
GLD,0,2013-09-01T00:00:00.000,2013-12-01T00:00:00.000,0.5714285714285714,0.325,1.0,63
GLD,1,2013-12-01T00:00:00.000,2014-03-01T00:00:00.000,0.18032786885245902,1.0,0.0196078431372549,61
GLD,2,2014-03-01T00:00:00.000,2014-06-01T00:00:00.000,0.6825396825396826,0.47058823529411764,0.42105263157894735,63
GLD,3,2014-06-01T00:00:00.000,2014-09-01T00:00:00.000,0.828125,0.75,0.5294117647058824,64
GLD,4,2014-09-01T00:00:00.000,2014-12-01T00:00:00.000,0.53125,0.47058823529411764,0.5714285714285714,64
GLD,5,2014-12-01T00:00:00.000,2015-03-01T00:00:00.000,0.4426229508196721,0.42105263157894735,0.96,61
GLD,6,2015-03-01T00:00:00.000,2015-06-01T00:00:00.000,0.453125,0.42857142857142855,0.6206896551724138,64
GLD,7,2015-06-01T00:00:00.000,2015-09-01T00:00:00.000,0.35384615384615387,0.3333333333333333,0.8260869565217391,65
GLD,8,2015-09-01T00:00:00.000,2015-12-01T00:00:00.000,0.578125,0.4,0.25,64
GLD,9,2015-12-01T00:00:00.000,2016-03-01T00:00:00.000,0.41935483870967744,1.0,0.3333333333333333,62
GLD,10,2016-03-01T00:00:00.000,2016-06-01T00:00:00.000,0.47692307692307695,0.7333333333333333,0.2682926829268293,65
GLD,11,2016-06-01T00:00:00.000,2016-09-01T00:00:00.000,0.2878787878787879,0.375,0.21951219512195122,66
GLD,12,2016-09-01T00:00:00.000,2016-12-01T00:00:00.000,0.46875,0.11764705882352941,0.5,64
GLD,13,2016-12-01T00:00:00.000,2017-03-01T00:00:00.000,0.6166666666666667,0.7560975609756098,0.7045454545454546,60
GLD,14,2017-03-01T00:00:00.000,2017-06-01T00:00:00.000,0.5538461538461539,0.59375,0.5428571428571428,65
GLD,15,2017-06-01T00:00:00.000,2017-09-01T00:00:00.000,0.3484848484848485,0.625,0.2127659574468085,66
GLD,16,2017-09-01T00:00:00.000,2017-12-01T00:00:00.000,0.609375,0.30434782608695654,0.4375,64
GLD,17,2017-12-01T00:00:00.000,2018-03-01T00:00:00.000,0.4,0.8571428571428571,0.14634146341463414,60
GLD,18,2018-03-01T00:00:00.000,2018-06-01T00:00:00.000,0.2698412698412698,0.22807017543859648,0.8666666666666667,63
GLD,19,2018-06-01T00:00:00.000,2018-09-01T00:00:00.000,0.8615384615384616,0.5384615384615384,0.7,65
GLD,20,2018-09-01T00:00:00.000,2018-12-01T00:00:00.000,0.42857142857142855,0.6097560975609756,0.5555555555555556,63
GLD,21,2018-12-01T00:00:00.000,2019-03-01T00:00:00.000,0.5964912280701754,0.6756756756756757,0.6944444444444444,57
GLD,22,2019-03-01T00:00:00.000,2019-06-01T00:00:00.000,0.265625,0.35714285714285715,0.2564102564102564,64
GLD,23,2019-06-01T00:00:00.000,2019-09-01T00:00:00.000,0.484375,0.8333333333333334,0.40816326530612246,64
GLD,24,2019-09-01T00:00:00.000,2019-12-01T00:00:00.000,0.5555555555555556,0.4090909090909091,0.375,63
GLD,25,2019-12-01T00:00:00.000,2020-03-01T00:00:00.000,0.6065573770491803,0.8285714285714286,0.6170212765957447,61
GLD,26,2020-03-01T00:00:00.000,2020-06-01T00:00:00.000,0.3548387096774194,0.5625,0.4090909090909091,62
GLD,27,2020-06-01T00:00:00.000,2020-09-01T00:00:00.000,0.6307692307692307,0.7560975609756098,0.6888888888888889,65
GLD,28,2020-09-01T00:00:00.000,2020-12-01T00:00:00.000,0.296875,0.25,0.8235294117647058,64
GLD,29,2020-12-01T00:00:00.000,2021-03-01T00:00:00.000,0.6229508196721312,0.26666666666666666,0.8888888888888888,61
GLD,30,2021-03-01T00:00:00.000,2021-06-01T00:00:00.000,0.5079365079365079,0.9130434782608695,0.42,63
GLD,31,2021-06-01T00:00:00.000,2021-09-01T00:00:00.000,0.5076923076923077,0.375,0.34615384615384615,65
GLD,32,2021-09-01T00:00:00.000,2021-12-01T00:00:00.000,0.53125,0.6923076923076923,0.2571428571428571,64
GLD,33,2021-12-01T00:00:00.000,2022-03-01T00:00:00.000,0.6166666666666667,0.8974358974358975,0.6481481481481481,60
GLD,34,2022-03-01T00:00:00.000,2022-06-01T00:00:00.000,0.4444444444444444,0.21621621621621623,0.5714285714285714,63
GLD,35,2022-06-01T00:00:00.000,2022-09-01T00:00:00.000,0.5396825396825397,0.07142857142857142,0.058823529411764705,63
GLD,36,2022-09-01T00:00:00.000,2022-12-01T00:00:00.000,0.6825396825396826,0.8,0.7272727272727273,63
GLD,37,2022-12-01T00:00:00.000,2023-03-01T00:00:00.000,0.5666666666666667,0.6756756756756757,0.6410256410256411,60
GLD,38,2023-03-01T00:00:00.000,2023-06-01T00:00:00.000,0.5967741935483871,0.5151515151515151,0.6538461538461539,62
GLD,39,2023-06-01T00:00:00.000,2023-09-01T00:00:00.000,0.46875,0.4473684210526316,0.5666666666666667,64
GLD,40,2023-09-01T00:00:00.000,2023-12-01T00:00:00.000,0.453125,0.84,0.40384615384615385,64
GLD,41,2023-12-01T00:00:00.000,2024-03-01T00:00:00.000,0.4262295081967213,0.5609756097560976,0.575,61
GLD,42,2024-03-01T00:00:00.000,2024-06-01T00:00:00.000,0.46774193548387094,0.5555555555555556,0.6578947368421053,62
GLD,43,2024-06-01T00:00:00.000,2024-09-01T00:00:00.000,0.532258064516129,1.0,0.5084745762711864,62
SPY,0,2013-09-01T00:00:00.000,2013-12-01T00:00:00.000,0.873015873015873,0.9310344827586207,0.9310344827586207,63
SPY,1,2013-12-01T00:00:00.000,2014-03-01T00:00:00.000,0.6885245901639344,0.6885245901639344,1.0,61
SPY,2,2014-03-01T00:00:00.000,2014-06-01T00:00:00.000,0.7301587301587301,0.8214285714285714,0.8679245283018868,63
SPY,3,2014-06-01T00:00:00.000,2014-09-01T00:00:00.000,0.75,0.7719298245614035,0.9361702127659575,64
SPY,4,2014-09-01T00:00:00.000,2014-12-01T00:00:00.000,0.703125,0.6896551724137931,0.975609756097561,64
SPY,5,2014-12-01T00:00:00.000,2015-03-01T00:00:00.000,0.5245901639344263,0.5263157894736842,0.9375,61
SPY,6,2015-03-01T00:00:00.000,2015-06-01T00:00:00.000,0.484375,0.7037037037037037,0.4318181818181818,64
SPY,7,2015-06-01T00:00:00.000,2015-09-01T00:00:00.000,0.35384615384615387,0.2777777777777778,0.8333333333333334,65
SPY,8,2015-09-01T00:00:00.000,2015-12-01T00:00:00.000,0.828125,0.8113207547169812,0.9772727272727273,64
SPY,9,2015-12-01T00:00:00.000,2016-03-01T00:00:00.000,0.6451612903225806,0.5882352941176471,0.967741935483871,62
SPY,10,2016-03-01T00:00:00.000,2016-06-01T00:00:00.000,0.4461538461538462,1.0,0.2653061224489796,65
SPY,11,2016-06-01T00:00:00.000,2016-09-01T00:00:00.000,0.6363636363636364,0.96,0.5106382978723404,66
SPY,12,2016-09-01T00:00:00.000,2016-12-01T00:00:00.000,0.46875,0.6176470588235294,0.5,64
SPY,13,2016-12-01T00:00:00.000,2017-03-01T00:00:00.000,0.8666666666666667,0.8928571428571429,0.9615384615384616,60
SPY,14,2017-03-01T00:00:00.000,2017-06-01T00:00:00.000,0.7538461538461538,0.765625,0.98,65
SPY,15,2017-06-01T00:00:00.000,2017-09-01T00:00:00.000,0.5757575757575758,0.6363636363636364,0.813953488372093,66
SPY,16,2017-09-01T00:00:00.000,2017-12-01T00:00:00.000,0.578125,1.0,0.578125,64
SPY,17,2017-12-01T00:00:00.000,2018-03-01T00:00:00.000,0.5,0.5,1.0,60
SPY,18,2018-03-01T00:00:00.000,2018-06-01T00:00:00.000,0.5396825396825397,0.6590909090909091,0.6744186046511628,63
SPY,19,2018-06-01T00:00:00.000,2018-09-01T00:00:00.000,0.7538461538461538,0.9074074074074074,0.8166666666666667,65
SPY,20,2018-09-01T00:00:00.000,2018-12-01T00:00:00.000,0.19047619047619047,0.19047619047619047,1.0,63
SPY,21,2018-12-01T00:00:00.000,2019-03-01T00:00:00.000,0.7543859649122807,0.8888888888888888,0.8163265306122449,57
SPY,22,2019-03-01T00:00:00.000,2019-06-01T00:00:00.000,0.59375,0.6428571428571429,0.8571428571428571,64
SPY,23,2019-06-01T00:00:00.000,2019-09-01T00:00:00.000,0.453125,0.5576923076923077,0.7073170731707317,64
SPY,24,2019-09-01T00:00:00.000,2019-12-01T00:00:00.000,0.6349206349206349,0.7692307692307693,0.7843137254901961,63
SPY,25,2019-12-01T00:00:00.000,2020-03-01T00:00:00.000,0.5737704918032787,0.559322033898305,1.0,61
SPY,26,2020-03-01T00:00:00.000,2020-06-01T00:00:00.000,0.8709677419354839,0.8688524590163934,1.0,62
SPY,27,2020-06-01T00:00:00.000,2020-09-01T00:00:00.000,0.6153846153846154,0.7142857142857143,0.8163265306122449,65
SPY,28,2020-09-01T00:00:00.000,2020-12-01T00:00:00.000,0.609375,0.8571428571428571,0.6545454545454545,64
SPY,29,2020-12-01T00:00:00.000,2021-03-01T00:00:00.000,0.7540983606557377,0.8518518518518519,0.8679245283018868,61
SPY,30,2021-03-01T00:00:00.000,2021-06-01T00:00:00.000,0.7619047619047619,0.9019607843137255,0.8214285714285714,63
SPY,31,2021-06-01T00:00:00.000,2021-09-01T00:00:00.000,0.8307692307692308,0.84375,0.9818181818181818,65
SPY,32,2021-09-01T00:00:00.000,2021-12-01T00:00:00.000,0.671875,0.6666666666666666,1.0,64
SPY,33,2021-12-01T00:00:00.000,2022-03-01T00:00:00.000,0.31666666666666665,0.31666666666666665,1.0,60
SPY,34,2022-03-01T00:00:00.000,2022-06-01T00:00:00.000,0.5079365079365079,0.36363636363636365,0.8421052631578947,63
SPY,35,2022-06-01T00:00:00.000,2022-09-01T00:00:00.000,0.42857142857142855,0.4,0.3225806451612903,63
SPY,36,2022-09-01T00:00:00.000,2022-12-01T00:00:00.000,0.5396825396825397,0.5897435897435898,0.6388888888888888,63
SPY,37,2022-12-01T00:00:00.000,2023-03-01T00:00:00.000,0.25,0.2777777777777778,0.3448275862068966,60
SPY,38,2023-03-01T00:00:00.000,2023-06-01T00:00:00.000,0.8064516129032258,0.9791666666666666,0.8103448275862069,62
SPY,39,2023-06-01T00:00:00.000,2023-09-01T00:00:00.000,0.59375,0.5873015873015873,1.0,64
SPY,40,2023-09-01T00:00:00.000,2023-12-01T00:00:00.000,0.484375,0.5849056603773585,0.7380952380952381,64
SPY,41,2023-12-01T00:00:00.000,2024-03-01T00:00:00.000,0.8032786885245902,1.0,0.8032786885245902,61
SPY,42,2024-03-01T00:00:00.000,2024-06-01T00:00:00.000,0.6774193548387096,0.7,0.9545454545454546,62
SPY,43,2024-06-01T00:00:00.000,2024-09-01T00:00:00.000,0.8548387096774194,0.8775510204081632,0.9347826086956522,62
